acct|period|y_pred
00000000000101359091|2021-06|0
00000000000101359091|2021-07|0
00000000000101359091|2021-08|0
00000000000101359091|2021-09|1
00000000000101359091|2021-10|1
00002674368|2021-06|0
00002674368|2021-07|0
00002674368|2021-08|0
00002674368|2021-09|0
00002674368|2021-10|0
000DAX60196|2021-06|0
000DAX60196|2021-07|0
000DAX60196|2021-08|0
000DAX60196|2021-09|0
000DAX60196|2021-10|0
001F2047533|2021-06|0
001F2047533|2021-07|0
001F2047533|2021-08|0
001F2047533|2021-09|0
001F2047533|2021-10|0
01102479674|2021-06|0
01102479674|2021-07|0
01102479674|2021-08|0
01102479674|2021-09|0
01102479674|2021-10|0
029018585A|2021-06|0
029018585A|2021-07|0
029018585A|2021-08|0
029018585A|2021-09|0
029018585A|2021-10|0
03200778858|2021-06|0
03200778858|2021-07|0
03200778858|2021-08|0
03200778858|2021-09|0
03200778858|2021-10|0
03205775995|2021-06|0
03205775995|2021-07|0
03205775995|2021-08|0
03205775995|2021-09|0
03205775995|2021-10|0
0520005927|2021-06|0
0520005927|2021-07|0
0520005927|2021-08|0
0520005927|2021-09|1
0520005927|2021-10|1
1004798585|2021-06|0
1004798585|2021-07|0
1004798585|2021-08|0
1004798585|2021-09|0
1004798585|2021-10|0
1022822353|2021-06|0
1022822353|2021-07|0
1022822353|2021-08|0
1022822353|2021-09|0
1022822353|2021-10|0
10272191|2021-06|0
10272191|2021-07|0
10272191|2021-08|0
10272191|2021-09|0
10272191|2021-10|0
10349384|2021-06|0
10349384|2021-07|0
10349384|2021-08|0
10349384|2021-09|0
10349384|2021-10|0
10352707|2021-06|0
10352707|2021-07|0
10352707|2021-08|0
10352707|2021-09|0
10352707|2021-10|0
10363888|2021-06|0
10363888|2021-07|0
10363888|2021-08|0
10363888|2021-09|0
10363888|2021-10|0
10427562|2021-06|0
10427562|2021-07|0
10427562|2021-08|0
10427562|2021-09|0
10427562|2021-10|0
10544244|2021-06|0
10544244|2021-07|0
10544244|2021-08|0
10544244|2021-09|0
10544244|2021-10|0
10611165|2021-06|0
10611165|2021-07|0
10611165|2021-08|0
10611165|2021-09|0
10611165|2021-10|0
10996453|2021-06|0
10996453|2021-07|1
10996453|2021-08|0
10996453|2021-09|1
10996453|2021-10|0
11011077|2021-06|0
11011077|2021-07|0
11011077|2021-08|0
11011077|2021-09|0
11011077|2021-10|0
11064017|2021-06|0
11064017|2021-07|0
11064017|2021-08|0
11064017|2021-09|0
11064017|2021-10|0
11361356|2021-06|0
11361356|2021-07|0
11361356|2021-08|0
11361356|2021-09|0
11361356|2021-10|0
11561498|2021-06|0
11561498|2021-07|0
11561498|2021-08|0
11561498|2021-09|0
11561498|2021-10|0
11598118|2021-06|0
11598118|2021-07|0
11598118|2021-08|0
11598118|2021-09|0
11598118|2021-10|0
11847735|2021-06|0
11847735|2021-07|0
11847735|2021-08|0
11847735|2021-09|0
11847735|2021-10|0
11938652|2021-06|0
11938652|2021-07|0
11938652|2021-08|0
11938652|2021-09|0
11938652|2021-10|0
12010382|2021-06|0
12010382|2021-07|0
12010382|2021-08|0
12010382|2021-09|0
12010382|2021-10|0
12042633|2021-06|0
12042633|2021-07|0
12042633|2021-08|0
12042633|2021-09|0
12042633|2021-10|0
12235993|2021-06|0
12235993|2021-07|0
12235993|2021-08|0
12235993|2021-09|0
12235993|2021-10|0
12289721|2021-06|0
12289721|2021-07|0
12289721|2021-08|0
12289721|2021-09|0
12289721|2021-10|0
12471037|2021-06|0
12471037|2021-07|0
12471037|2021-08|0
12471037|2021-09|0
12471037|2021-10|0
12510148|2021-06|0
12510148|2021-07|0
12510148|2021-08|0
12510148|2021-09|0
12510148|2021-10|0
12600469|2021-06|0
12600469|2021-07|0
12600469|2021-08|0
12600469|2021-09|0
12600469|2021-10|0
12691367|2021-06|0
12691367|2021-07|0
12691367|2021-08|0
12691367|2021-09|0
12691367|2021-10|0
12978194|2021-06|0
12978194|2021-07|0
12978194|2021-08|0
12978194|2021-09|0
12978194|2021-10|0
13026819|2021-06|0
13026819|2021-07|0
13026819|2021-08|0
13026819|2021-09|0
13026819|2021-10|0
13080882|2021-06|1
13080882|2021-07|0
13080882|2021-08|0
13080882|2021-09|0
13080882|2021-10|0
13479263|2021-06|0
13479263|2021-07|0
13479263|2021-08|0
13479263|2021-09|0
13479263|2021-10|0
13549992|2021-06|0
13549992|2021-07|0
13549992|2021-08|0
13549992|2021-09|0
13549992|2021-10|0
13569584|2021-06|0
13569584|2021-07|0
13569584|2021-08|0
13569584|2021-09|0
13569584|2021-10|0
13601210|2021-06|0
13601210|2021-07|0
13601210|2021-08|0
13601210|2021-09|0
13601210|2021-10|0
13792993|2021-06|0
13792993|2021-07|0
13792993|2021-08|0
13792993|2021-09|0
13792993|2021-10|0
13863397|2021-06|0
13863397|2021-07|0
13863397|2021-08|0
13863397|2021-09|0
13863397|2021-10|0
13887578|2021-06|0
13887578|2021-07|0
13887578|2021-08|0
13887578|2021-09|0
13887578|2021-10|0
13921326|2021-06|0
13921326|2021-07|0
13921326|2021-08|0
13921326|2021-09|0
13921326|2021-10|0
13941462|2021-06|0
13941462|2021-07|0
13941462|2021-08|0
13941462|2021-09|0
13941462|2021-10|0
13964997|2021-06|0
13964997|2021-07|0
13964997|2021-08|0
13964997|2021-09|0
13964997|2021-10|0
14867192|2021-06|0
14867192|2021-07|0
14867192|2021-08|0
14867192|2021-09|0
14867192|2021-10|0
14982618|2021-06|0
14982618|2021-07|0
14982618|2021-08|0
14982618|2021-09|0
14982618|2021-10|0
15083575|2021-06|1
15083575|2021-07|0
15083575|2021-08|0
15083575|2021-09|0
15083575|2021-10|0
15260947|2021-06|0
15260947|2021-07|0
15260947|2021-08|0
15260947|2021-09|0
15260947|2021-10|0
15300973|2021-06|0
15300973|2021-07|0
15300973|2021-08|0
15300973|2021-09|0
15300973|2021-10|0
15492854|2021-06|0
15492854|2021-07|0
15492854|2021-08|0
15492854|2021-09|0
15492854|2021-10|0
15823217|2021-06|0
15823217|2021-07|0
15823217|2021-08|0
15823217|2021-09|0
15823217|2021-10|0
15985505|2021-06|0
15985505|2021-07|0
15985505|2021-08|0
15985505|2021-09|0
15985505|2021-10|0
16100688|2021-06|0
16100688|2021-07|0
16100688|2021-08|0
16100688|2021-09|0
16100688|2021-10|0
16214976|2021-06|0
16214976|2021-07|0
16214976|2021-08|0
16214976|2021-09|0
16214976|2021-10|0
16285203|2021-06|0
16285203|2021-07|0
16285203|2021-08|0
16285203|2021-09|0
16285203|2021-10|0
16394604|2021-06|0
16394604|2021-07|0
16394604|2021-08|0
16394604|2021-09|0
16394604|2021-10|0
16404222|2021-06|0
16404222|2021-07|0
16404222|2021-08|0
16404222|2021-09|0
16404222|2021-10|0
16469916|2021-06|0
16469916|2021-07|0
16469916|2021-08|0
16469916|2021-09|0
16469916|2021-10|0
16795684|2021-06|0
16795684|2021-07|0
16795684|2021-08|0
16795684|2021-09|0
16795684|2021-10|0
16820604|2021-06|0
16820604|2021-07|0
16820604|2021-08|0
16820604|2021-09|0
16820604|2021-10|0
16874940|2021-06|0
16874940|2021-07|0
16874940|2021-08|0
16874940|2021-09|0
16874940|2021-10|0
16884621|2021-06|1
16884621|2021-07|1
16884621|2021-08|1
16884621|2021-09|1
16884621|2021-10|1
16918318|2021-06|1
16918318|2021-07|1
16918318|2021-08|0
16918318|2021-09|0
16918318|2021-10|0
16996589|2021-06|0
16996589|2021-07|0
16996589|2021-08|0
16996589|2021-09|0
16996589|2021-10|0
17175261|2021-06|0
17175261|2021-07|0
17175261|2021-08|0
17175261|2021-09|0
17175261|2021-10|0
17283119|2021-06|1
17283119|2021-07|1
17283119|2021-08|1
17283119|2021-09|1
17283119|2021-10|1
17283437|2021-06|0
17283437|2021-07|0
17283437|2021-08|0
17283437|2021-09|0
17283437|2021-10|0
17328326|2021-06|0
17328326|2021-07|0
17328326|2021-08|0
17328326|2021-09|0
17328326|2021-10|0
17454153|2021-06|0
17454153|2021-07|0
17454153|2021-08|0
17454153|2021-09|0
17454153|2021-10|0
17488406|2021-06|0
17488406|2021-07|0
17488406|2021-08|0
17488406|2021-09|0
17488406|2021-10|1
17555093|2021-06|0
17555093|2021-07|0
17555093|2021-08|0
17555093|2021-09|0
17555093|2021-10|0
17771330|2021-06|0
17771330|2021-07|0
17771330|2021-08|0
17771330|2021-09|0
17771330|2021-10|0
17869126|2021-06|0
17869126|2021-07|0
17869126|2021-08|0
17869126|2021-09|0
17869126|2021-10|0
17910249|2021-06|0
17910249|2021-07|0
17910249|2021-08|0
17910249|2021-09|0
17910249|2021-10|0
17969261|2021-06|0
17969261|2021-07|0
17969261|2021-08|0
17969261|2021-09|0
17969261|2021-10|0
18003082|2021-06|1
18003082|2021-07|1
18003082|2021-08|0
18003082|2021-09|1
18003082|2021-10|0
18127932|2021-06|1
18127932|2021-07|0
18127932|2021-08|0
18127932|2021-09|0
18127932|2021-10|0
18232613|2021-06|0
18232613|2021-07|0
18232613|2021-08|0
18232613|2021-09|0
18232613|2021-10|0
18475368|2021-06|0
18475368|2021-07|0
18475368|2021-08|0
18475368|2021-09|0
18475368|2021-10|0
18692567|2021-06|0
18692567|2021-07|0
18692567|2021-08|0
18692567|2021-09|0
18692567|2021-10|0
18713789|2021-06|0
18713789|2021-07|0
18713789|2021-08|0
18713789|2021-09|0
18713789|2021-10|0
18783906|2021-06|0
18783906|2021-07|0
18783906|2021-08|0
18783906|2021-09|0
18783906|2021-10|0
18832428|2021-06|0
18832428|2021-07|0
18832428|2021-08|0
18832428|2021-09|0
18832428|2021-10|0
18989012|2021-06|0
18989012|2021-07|0
18989012|2021-08|0
18989012|2021-09|0
18989012|2021-10|0
19243740|2021-06|0
19243740|2021-07|0
19243740|2021-08|0
19243740|2021-09|0
19243740|2021-10|0
19292333|2021-06|0
19292333|2021-07|0
19292333|2021-08|0
19292333|2021-09|0
19292333|2021-10|0
19535574|2021-06|0
19535574|2021-07|0
19535574|2021-08|0
19535574|2021-09|0
19535574|2021-10|0
19536917|2021-06|0
19536917|2021-07|0
19536917|2021-08|0
19536917|2021-09|0
19536917|2021-10|0
19776991|2021-06|0
19776991|2021-07|0
19776991|2021-08|0
19776991|2021-09|0
19776991|2021-10|0
19782439|2021-06|0
19782439|2021-07|0
19782439|2021-08|0
19782439|2021-09|0
19782439|2021-10|0
19827377|2021-06|0
19827377|2021-07|0
19827377|2021-08|0
19827377|2021-09|0
19827377|2021-10|0
19890232|2021-06|0
19890232|2021-07|0
19890232|2021-08|0
19890232|2021-09|0
19890232|2021-10|0
20071282|2021-06|0
20071282|2021-07|0
20071282|2021-08|0
20071282|2021-09|0
20071282|2021-10|0
20139290|2021-06|0
20139290|2021-07|0
20139290|2021-08|0
20139290|2021-09|0
20139290|2021-10|0
20144863|2021-06|0
20144863|2021-07|0
20144863|2021-08|0
20144863|2021-09|0
20144863|2021-10|0
20197503|2021-06|0
20197503|2021-07|0
20197503|2021-08|0
20197503|2021-09|0
20197503|2021-10|0
20205296|2021-06|0
20205296|2021-07|0
20205296|2021-08|0
20205296|2021-09|0
20205296|2021-10|0
20295262|2021-06|0
20295262|2021-07|0
20295262|2021-08|0
20295262|2021-09|0
20295262|2021-10|0
20330435|2021-06|0
20330435|2021-07|0
20330435|2021-08|0
20330435|2021-09|0
20330435|2021-10|0
20371520|2021-06|0
20371520|2021-07|0
20371520|2021-08|0
20371520|2021-09|0
20371520|2021-10|0
20386167|2021-06|0
20386167|2021-07|0
20386167|2021-08|0
20386167|2021-09|0
20386167|2021-10|0
20407010|2021-06|0
20407010|2021-07|0
20407010|2021-08|0
20407010|2021-09|0
20407010|2021-10|0
20452201|2021-06|0
20452201|2021-07|0
20452201|2021-08|0
20452201|2021-09|0
20452201|2021-10|0
20624738|2021-06|0
20624738|2021-07|0
20624738|2021-08|0
20624738|2021-09|0
20624738|2021-10|0
20628360|2021-06|0
20628360|2021-07|0
20628360|2021-08|0
20628360|2021-09|0
20628360|2021-10|0
20834679|2021-06|0
20834679|2021-07|0
20834679|2021-08|0
20834679|2021-09|0
20834679|2021-10|0
20977676|2021-06|0
20977676|2021-07|0
20977676|2021-08|0
20977676|2021-09|0
20977676|2021-10|0
20983632|2021-06|0
20983632|2021-07|0
20983632|2021-08|0
20983632|2021-09|0
20983632|2021-10|0
21227237|2021-06|0
21227237|2021-07|0
21227237|2021-08|0
21227237|2021-09|0
21227237|2021-10|0
21585250|2021-06|1
21585250|2021-07|0
21585250|2021-08|0
21585250|2021-09|0
21585250|2021-10|0
21702538|2021-06|0
21702538|2021-07|0
21702538|2021-08|0
21702538|2021-09|0
21702538|2021-10|0
21717833|2021-06|0
21717833|2021-07|0
21717833|2021-08|0
21717833|2021-09|0
21717833|2021-10|0
21789170|2021-06|0
21789170|2021-07|0
21789170|2021-08|0
21789170|2021-09|0
21789170|2021-10|0
21865476|2021-06|0
21865476|2021-07|0
21865476|2021-08|0
21865476|2021-09|0
21865476|2021-10|0
21984756|2021-06|0
21984756|2021-07|0
21984756|2021-08|0
21984756|2021-09|1
21984756|2021-10|0
22065283|2021-06|0
22065283|2021-07|0
22065283|2021-08|0
22065283|2021-09|0
22065283|2021-10|0
22082407|2021-06|0
22082407|2021-07|0
22082407|2021-08|0
22082407|2021-09|0
22082407|2021-10|0
22095871|2021-06|0
22095871|2021-07|0
22095871|2021-08|0
22095871|2021-09|0
22095871|2021-10|0
22205634|2021-06|0
22205634|2021-07|0
22205634|2021-08|0
22205634|2021-09|1
22205634|2021-10|0
22772924|2021-06|0
22772924|2021-07|0
22772924|2021-08|0
22772924|2021-09|0
22772924|2021-10|0
22820036|2021-06|0
22820036|2021-07|0
22820036|2021-08|0
22820036|2021-09|0
22820036|2021-10|0
22850462|2021-06|0
22850462|2021-07|0
22850462|2021-08|0
22850462|2021-09|0
22850462|2021-10|0
22901237|2021-06|0
22901237|2021-07|0
22901237|2021-08|0
22901237|2021-09|1
22901237|2021-10|1
23017197|2021-06|0
23017197|2021-07|0
23017197|2021-08|0
23017197|2021-09|0
23017197|2021-10|0
23518752|2021-06|0
23518752|2021-07|0
23518752|2021-08|1
23518752|2021-09|0
23518752|2021-10|0
23609638|2021-06|0
23609638|2021-07|0
23609638|2021-08|0
23609638|2021-09|0
23609638|2021-10|0
23807924|2021-06|0
23807924|2021-07|0
23807924|2021-08|0
23807924|2021-09|0
23807924|2021-10|0
23875432|2021-06|0
23875432|2021-07|0
23875432|2021-08|0
23875432|2021-09|0
23875432|2021-10|0
23876159|2021-06|0
23876159|2021-07|0
23876159|2021-08|0
23876159|2021-09|0
23876159|2021-10|0
23917187|2021-06|0
23917187|2021-07|0
23917187|2021-08|0
23917187|2021-09|0
23917187|2021-10|0
24030225|2021-06|0
24030225|2021-07|0
24030225|2021-08|0
24030225|2021-09|0
24030225|2021-10|0
24062436|2021-06|0
24062436|2021-07|0
24062436|2021-08|0
24062436|2021-09|0
24062436|2021-10|0
24217894|2021-06|0
24217894|2021-07|0
24217894|2021-08|0
24217894|2021-09|0
24217894|2021-10|0
24409786|2021-06|0
24409786|2021-07|0
24409786|2021-08|0
24409786|2021-09|0
24409786|2021-10|0
24452065|2021-06|0
24452065|2021-07|0
24452065|2021-08|0
24452065|2021-09|0
24452065|2021-10|1
24471404|2021-06|0
24471404|2021-07|0
24471404|2021-08|0
24471404|2021-09|0
24471404|2021-10|0
24474947|2021-06|0
24474947|2021-07|0
24474947|2021-08|0
24474947|2021-09|0
24474947|2021-10|0
24546458|2021-06|0
24546458|2021-07|0
24546458|2021-08|0
24546458|2021-09|0
24546458|2021-10|0
24549220|2021-06|0
24549220|2021-07|0
24549220|2021-08|0
24549220|2021-09|0
24549220|2021-10|0
24594429|2021-06|0
24594429|2021-07|0
24594429|2021-08|0
24594429|2021-09|0
24594429|2021-10|0
24781353|2021-06|0
24781353|2021-07|0
24781353|2021-08|0
24781353|2021-09|0
24781353|2021-10|0
24822147|2021-06|0
24822147|2021-07|0
24822147|2021-08|0
24822147|2021-09|0
24822147|2021-10|0
24857000|2021-06|0
24857000|2021-07|0
24857000|2021-08|0
24857000|2021-09|0
24857000|2021-10|0
24907046|2021-06|0
24907046|2021-07|0
24907046|2021-08|0
24907046|2021-09|0
24907046|2021-10|0
24918594|2021-06|0
24918594|2021-07|0
24918594|2021-08|0
24918594|2021-09|0
24918594|2021-10|0
25033732|2021-06|0
25033732|2021-07|0
25033732|2021-08|0
25033732|2021-09|0
25033732|2021-10|0
25120602|2021-06|1
25120602|2021-07|0
25120602|2021-08|0
25120602|2021-09|0
25120602|2021-10|0
25166446|2021-06|0
25166446|2021-07|0
25166446|2021-08|0
25166446|2021-09|0
25166446|2021-10|0
25282192|2021-06|0
25282192|2021-07|0
25282192|2021-08|0
25282192|2021-09|0
25282192|2021-10|0
25648696|2021-06|0
25648696|2021-07|0
25648696|2021-08|0
25648696|2021-09|0
25648696|2021-10|0
25740466|2021-06|0
25740466|2021-07|0
25740466|2021-08|0
25740466|2021-09|0
25740466|2021-10|0
25806081|2021-06|0
25806081|2021-07|0
25806081|2021-08|0
25806081|2021-09|0
25806081|2021-10|0
25849787|2021-06|0
25849787|2021-07|0
25849787|2021-08|0
25849787|2021-09|0
25849787|2021-10|0
26171240|2021-06|0
26171240|2021-07|0
26171240|2021-08|0
26171240|2021-09|0
26171240|2021-10|0
26177686|2021-06|1
26177686|2021-07|0
26177686|2021-08|0
26177686|2021-09|0
26177686|2021-10|0
26387221|2021-06|0
26387221|2021-07|0
26387221|2021-08|0
26387221|2021-09|0
26387221|2021-10|0
26508006|2021-06|0
26508006|2021-07|0
26508006|2021-08|0
26508006|2021-09|0
26508006|2021-10|0
26645516|2021-06|0
26645516|2021-07|0
26645516|2021-08|0
26645516|2021-09|0
26645516|2021-10|0
26819131|2021-06|0
26819131|2021-07|0
26819131|2021-08|0
26819131|2021-09|0
26819131|2021-10|0
26835170|2021-06|0
26835170|2021-07|0
26835170|2021-08|0
26835170|2021-09|0
26835170|2021-10|0
26857115|2021-06|0
26857115|2021-07|0
26857115|2021-08|1
26857115|2021-09|1
27135522|2021-06|0
27135522|2021-07|0
27135522|2021-08|0
27135522|2021-09|0
27135522|2021-10|0
27260882|2021-06|0
27260882|2021-07|0
27260882|2021-08|0
27260882|2021-09|0
27260882|2021-10|0
27477489|2021-06|0
27477489|2021-07|0
27477489|2021-08|0
27477489|2021-09|0
27477489|2021-10|0
27802798|2021-06|0
27802798|2021-07|0
27802798|2021-08|0
27802798|2021-09|0
27802798|2021-10|0
28172796|2021-06|1
28286436|2021-06|0
28286436|2021-07|0
28286436|2021-08|0
28286436|2021-09|0
28286436|2021-10|0
28446748|2021-06|0
28446748|2021-07|0
28446748|2021-08|0
28446748|2021-09|0
28446748|2021-10|0
28457337|2021-06|0
28457337|2021-07|0
28457337|2021-08|0
28457337|2021-09|0
28457337|2021-10|0
28466768|2021-06|0
28466768|2021-07|0
28466768|2021-08|0
28466768|2021-09|1
28466768|2021-10|0
28611734|2021-06|0
28611734|2021-07|0
28611734|2021-08|0
28611734|2021-09|0
28611734|2021-10|0
29017716|2021-06|0
29017716|2021-07|0
29017716|2021-08|0
29017716|2021-09|1
29017716|2021-10|1
29084579|2021-06|0
29084579|2021-07|0
29084579|2021-08|0
29084579|2021-09|0
29084579|2021-10|0
29492820|2021-06|0
29492820|2021-07|0
29492820|2021-08|0
29492820|2021-09|0
29492820|2021-10|0
29506920|2021-06|0
29506920|2021-07|0
29506920|2021-08|0
29506920|2021-09|0
29506920|2021-10|0
29518127|2021-06|0
29518127|2021-07|1
29518127|2021-08|0
29518127|2021-09|0
29518127|2021-10|0
29562604|2021-06|0
29562604|2021-07|0
29562604|2021-08|0
29562604|2021-09|0
29562604|2021-10|0
29645954|2021-06|0
29645954|2021-07|0
29645954|2021-08|0
29645954|2021-09|0
29645954|2021-10|0
29712543|2021-06|0
29712543|2021-07|0
29712543|2021-08|0
29712543|2021-09|0
29712543|2021-10|0
29718952|2021-06|0
29718952|2021-07|0
29718952|2021-08|0
29718952|2021-09|1
29718952|2021-10|0
29825764|2021-06|0
29825764|2021-07|0
29825764|2021-08|0
29825764|2021-09|0
29825764|2021-10|0
29829199|2021-06|0
29829199|2021-07|0
29829199|2021-08|0
29829199|2021-09|0
29829199|2021-10|0
29862265|2021-06|0
29862265|2021-07|0
29862265|2021-08|0
29862265|2021-09|0
29862265|2021-10|0
29910315|2021-06|0
29910315|2021-07|0
29910315|2021-08|0
29910315|2021-09|0
29910315|2021-10|0
30022082|2021-06|0
30022082|2021-07|0
30022082|2021-08|0
30022082|2021-09|0
30022082|2021-10|0
30218916|2021-06|0
30218916|2021-07|0
30218916|2021-08|0
30218916|2021-09|0
30218916|2021-10|0
30226149|2021-06|1
30226149|2021-07|1
30428674|2021-06|0
30428674|2021-07|0
30428674|2021-08|0
30428674|2021-09|0
30428674|2021-10|0
30478086|2021-06|0
30478086|2021-07|0
30478086|2021-08|0
30478086|2021-09|0
30478086|2021-10|0
30638728|2021-06|0
30638728|2021-07|0
30638728|2021-08|0
30638728|2021-09|0
30638728|2021-10|0
30659922|2021-06|0
30659922|2021-07|1
30659922|2021-08|1
30659922|2021-09|1
30659922|2021-10|0
30740655|2021-06|0
30740655|2021-07|0
30740655|2021-08|0
30740655|2021-09|0
30740655|2021-10|0
31018671|2021-06|0
31018671|2021-07|0
31018671|2021-08|0
31018671|2021-09|0
31018671|2021-10|0
31120226|2021-06|0
31120226|2021-07|0
31120226|2021-08|0
31120226|2021-09|0
31120226|2021-10|0
31239001|2021-06|0
31239001|2021-07|0
31239001|2021-08|0
31239001|2021-09|0
31239001|2021-10|0
31617331|2021-06|0
31617331|2021-07|0
31617331|2021-08|0
31617331|2021-09|0
31617331|2021-10|0
31706549|2021-06|0
31706549|2021-07|0
31706549|2021-08|0
31706549|2021-09|0
31706549|2021-10|0
31709193|2021-06|0
31709193|2021-07|0
31709193|2021-08|0
31709193|2021-09|0
31709193|2021-10|0
31819965|2021-06|0
31819965|2021-07|0
31819965|2021-08|0
31819965|2021-09|0
31819965|2021-10|0
31914897|2021-06|0
31914897|2021-07|0
31914897|2021-08|0
31914897|2021-09|0
31914897|2021-10|0
31993861|2021-06|0
31993861|2021-07|0
31993861|2021-08|0
31993861|2021-09|0
31993861|2021-10|0
32117533|2021-06|0
32117533|2021-07|0
32117533|2021-08|0
32117533|2021-09|0
32117533|2021-10|0
32284202|2021-06|0
32284202|2021-07|0
32284202|2021-08|0
32284202|2021-09|0
32284202|2021-10|0
32298776|2021-06|0
32298776|2021-07|0
32298776|2021-08|0
32298776|2021-09|0
32298776|2021-10|0
32372368|2021-06|1
32372368|2021-07|1
32372368|2021-08|1
32376433|2021-06|0
32376433|2021-07|0
32376433|2021-08|0
32376433|2021-09|0
32376433|2021-10|0
32518017|2021-06|0
32518017|2021-07|0
32518017|2021-08|0
32518017|2021-09|0
32518017|2021-10|0
33036622|2021-06|0
33036622|2021-07|0
33036622|2021-08|0
33036622|2021-09|0
33036622|2021-10|0
33051947|2021-06|0
33051947|2021-07|0
33051947|2021-08|0
33051947|2021-09|0
33051947|2021-10|0
33176407|2021-06|0
33176407|2021-07|0
33176407|2021-08|0
33176407|2021-09|0
33176407|2021-10|0
33525082|2021-06|0
33525082|2021-07|0
33525082|2021-08|0
33525082|2021-09|0
33525082|2021-10|0
33628330|2021-06|0
33628330|2021-07|0
33628330|2021-08|0
33628330|2021-09|1
33628330|2021-10|0
33699357|2021-06|0
33699357|2021-07|0
33699357|2021-08|0
33699357|2021-09|0
33699357|2021-10|0
33724317|2021-06|0
33724317|2021-07|0
33724317|2021-08|0
33724317|2021-09|0
33724317|2021-10|1
33823003|2021-06|0
33823003|2021-07|0
33823003|2021-08|0
33823003|2021-09|1
33823003|2021-10|0
34031952|2021-06|0
34031952|2021-07|0
34031952|2021-08|0
34031952|2021-09|0
34031952|2021-10|0
34138754|2021-06|0
34138754|2021-07|1
34138754|2021-08|0
34138754|2021-09|0
34138754|2021-10|0
34152738|2021-06|0
34152738|2021-07|0
34152738|2021-08|0
34152738|2021-09|0
34152738|2021-10|0
34679735|2021-06|0
34679735|2021-07|1
34679735|2021-08|0
34679735|2021-09|0
34679735|2021-10|0
34755127|2021-06|0
34755127|2021-07|0
34755127|2021-08|0
34755127|2021-09|0
34755127|2021-10|0
34814307|2021-06|0
34814307|2021-07|0
34814307|2021-08|0
34814307|2021-09|0
34814307|2021-10|0
34816858|2021-06|0
34816858|2021-07|0
34816858|2021-08|0
34816858|2021-09|0
34816858|2021-10|0
34890662|2021-06|0
34890662|2021-07|0
34890662|2021-08|0
34890662|2021-09|0
34890662|2021-10|0
35035978|2021-06|0
35035978|2021-07|0
35035978|2021-08|0
35035978|2021-09|0
35035978|2021-10|0
35163836|2021-06|0
35163836|2021-07|0
35163836|2021-08|0
35163836|2021-09|0
35163836|2021-10|0
35196653|2021-06|0
35196653|2021-07|0
35196653|2021-08|0
35196653|2021-09|0
35196653|2021-10|0
35221098|2021-06|0
35221098|2021-07|0
35221098|2021-08|0
35221098|2021-09|0
35221098|2021-10|0
35224853|2021-06|0
35224853|2021-07|0
35224853|2021-08|0
35224853|2021-09|0
35224853|2021-10|0
35419432|2021-06|0
35419432|2021-07|0
35419432|2021-08|0
35419432|2021-09|0
35419432|2021-10|0
35649725|2021-06|0
35649725|2021-07|0
35649725|2021-08|0
35649725|2021-09|0
35649725|2021-10|0
35658163|2021-06|0
35658163|2021-07|0
35658163|2021-08|0
35658163|2021-09|0
35658163|2021-10|0
35692736|2021-06|0
35692736|2021-07|0
35692736|2021-08|0
35692736|2021-09|0
35692736|2021-10|0
357329882|2021-06|0
357329882|2021-07|0
357329882|2021-08|0
357329882|2021-09|0
357329882|2021-10|0
35733110|2021-06|0
35733110|2021-07|0
35733110|2021-08|0
35733110|2021-09|0
35733110|2021-10|0
35878885|2021-06|0
35878885|2021-07|0
35878885|2021-08|0
35878885|2021-09|0
35878885|2021-10|0
35958101|2021-06|0
35958101|2021-07|0
35958101|2021-08|0
35958101|2021-09|0
35958101|2021-10|0
36091465|2021-06|0
36091465|2021-07|0
36091465|2021-08|0
36091465|2021-09|0
36091465|2021-10|0
36096833|2021-06|0
36096833|2021-07|0
36096833|2021-08|0
36096833|2021-09|0
36096833|2021-10|0
36120299|2021-06|0
36120299|2021-07|0
36120299|2021-08|0
36120299|2021-09|0
36120299|2021-10|0
36194179|2021-06|0
36194179|2021-07|0
36194179|2021-08|0
36194179|2021-09|0
36194179|2021-10|0
36451060|2021-06|0
36451060|2021-07|0
36451060|2021-08|0
36451060|2021-09|1
36451060|2021-10|0
36613771|2021-06|0
36613771|2021-07|0
36613771|2021-08|0
36613771|2021-09|0
36613771|2021-10|0
36762264|2021-06|0
36762264|2021-07|0
36762264|2021-08|0
36762264|2021-09|0
36762264|2021-10|0
36795246|2021-06|0
36795246|2021-07|0
36795246|2021-08|0
36795246|2021-09|0
36795246|2021-10|0
36819613|2021-06|0
36819613|2021-07|0
36819613|2021-08|0
36819613|2021-09|0
36819613|2021-10|0
36953006|2021-06|0
36953006|2021-07|0
36953006|2021-08|0
36953006|2021-09|0
36953006|2021-10|0
37008871|2021-06|0
37008871|2021-07|0
37008871|2021-08|1
37008871|2021-09|0
37008871|2021-10|1
37073115|2021-06|0
37073115|2021-07|0
37073115|2021-08|0
37073115|2021-09|0
37073115|2021-10|0
37160577|2021-06|0
37160577|2021-07|0
37160577|2021-08|0
37160577|2021-09|0
37160577|2021-10|0
37340100|2021-06|0
37340100|2021-07|0
37340100|2021-08|0
37340100|2021-09|0
37340100|2021-10|0
37513972|2021-06|0
37513972|2021-07|0
37513972|2021-08|0
37513972|2021-09|1
37513972|2021-10|1
37567457|2021-06|0
37567457|2021-07|0
37567457|2021-08|0
37567457|2021-09|0
37567457|2021-10|0
37571435|2021-06|0
37571435|2021-07|0
37571435|2021-08|0
37571435|2021-09|0
37571435|2021-10|0
37609076|2021-06|0
37609076|2021-07|0
37609076|2021-08|0
37609076|2021-09|0
37609076|2021-10|0
37728722|2021-06|0
37728722|2021-07|0
37728722|2021-08|0
37728722|2021-09|0
37728722|2021-10|0
37752744|2021-06|0
37752744|2021-07|0
37752744|2021-08|0
37752744|2021-09|0
37752744|2021-10|0
37850335|2021-06|0
37850335|2021-07|0
37850335|2021-08|0
37850335|2021-09|0
37850335|2021-10|1
37878708|2021-06|0
37878708|2021-07|1
37878708|2021-08|0
37878708|2021-09|0
37878708|2021-10|0
38037402|2021-06|0
38037402|2021-07|0
38037402|2021-08|0
38037402|2021-09|0
38037402|2021-10|0
38132861|2021-06|0
38132861|2021-07|0
38132861|2021-08|0
38132861|2021-09|0
38132861|2021-10|0
38197340|2021-06|0
38197340|2021-07|0
38197340|2021-08|0
38197340|2021-09|0
38197340|2021-10|0
38201321|2021-06|0
38201321|2021-07|0
38201321|2021-08|0
38201321|2021-09|0
38201321|2021-10|0
38260888|2021-06|0
38260888|2021-07|0
38260888|2021-08|0
38260888|2021-09|0
38260888|2021-10|0
38519072|2021-06|0
38519072|2021-07|0
38519072|2021-08|0
38519072|2021-09|0
38519072|2021-10|0
38647643|2021-06|0
38647643|2021-07|0
38647643|2021-08|0
38647643|2021-09|0
38647643|2021-10|0
38698319|2021-06|0
38698319|2021-07|0
38698319|2021-08|0
38698319|2021-09|0
38698319|2021-10|0
39312073|2021-06|0
39312073|2021-07|0
39312073|2021-08|0
39312073|2021-09|0
39312073|2021-10|0
39580405|2021-06|0
39580405|2021-07|0
39580405|2021-08|0
39580405|2021-09|0
39580405|2021-10|0
39632137|2021-06|0
39632137|2021-07|0
39632137|2021-08|0
39632137|2021-09|0
39632137|2021-10|0
39651507|2021-06|0
39651507|2021-07|0
39651507|2021-08|0
39651507|2021-09|0
39651507|2021-10|0
39718966|2021-06|0
39718966|2021-07|0
39718966|2021-08|0
39718966|2021-09|0
39718966|2021-10|0
39803135|2021-06|0
39803135|2021-07|0
39803135|2021-08|0
39803135|2021-09|0
39803135|2021-10|0
39857915|2021-06|0
39857915|2021-07|0
39857915|2021-08|0
39857915|2021-09|0
39857915|2021-10|0
39981943|2021-06|0
39981943|2021-07|0
39981943|2021-08|0
39981943|2021-09|0
39981943|2021-10|0
40058031|2021-06|0
40058031|2021-07|0
40058031|2021-08|0
40058031|2021-09|0
40058031|2021-10|0
40108101|2021-06|0
40108101|2021-07|0
40108101|2021-08|0
40108101|2021-09|0
40108101|2021-10|0
40195277|2021-06|0
40195277|2021-07|0
40195277|2021-08|0
40195277|2021-09|0
40195277|2021-10|0
40429453|2021-06|0
40429453|2021-07|0
40429453|2021-08|0
40429453|2021-09|0
40429453|2021-10|0
40521457|2021-06|0
40521457|2021-07|0
40521457|2021-08|0
40521457|2021-09|0
40521457|2021-10|0
40580958|2021-06|0
40580958|2021-07|0
40580958|2021-08|0
40580958|2021-09|0
40580958|2021-10|0
40653078|2021-06|1
40653078|2021-07|1
40653078|2021-08|1
40653078|2021-09|0
40653078|2021-10|0
40774472|2021-06|0
40774472|2021-07|0
40774472|2021-08|0
40774472|2021-09|0
40774472|2021-10|0
40883318|2021-06|0
40883318|2021-07|0
40883318|2021-08|0
40883318|2021-09|0
40883318|2021-10|0
40943258|2021-06|1
40943258|2021-07|1
40943258|2021-08|1
40957311|2021-06|0
40957311|2021-07|0
40957311|2021-08|0
40957311|2021-09|0
40957311|2021-10|0
41006228|2021-06|0
41006228|2021-07|0
41006228|2021-08|0
41006228|2021-09|0
41006228|2021-10|0
41176696|2021-06|0
41176696|2021-07|0
41176696|2021-08|0
41176696|2021-09|1
41176696|2021-10|0
41384546|2021-06|0
41384546|2021-07|0
41384546|2021-08|0
41384546|2021-09|0
41384546|2021-10|0
41397613|2021-06|0
41397613|2021-07|0
41397613|2021-08|0
41397613|2021-09|0
41397613|2021-10|0
41400914|2021-06|0
41400914|2021-07|0
41400914|2021-08|0
41400914|2021-09|0
41400914|2021-10|0
41648763|2021-06|0
41648763|2021-07|0
41648763|2021-08|0
41648763|2021-09|0
41648763|2021-10|0
41694686|2021-06|0
41694686|2021-07|0
41694686|2021-08|0
41694686|2021-09|0
41694686|2021-10|0
41933333|2021-06|0
41933333|2021-07|0
41933333|2021-08|0
41933333|2021-09|0
41933333|2021-10|0
42180446|2021-06|0
42180446|2021-07|0
42180446|2021-08|0
42180446|2021-09|0
42180446|2021-10|0
42236681|2021-06|0
42236681|2021-07|0
42236681|2021-08|0
42236681|2021-09|0
42236681|2021-10|0
42250030|2021-06|1
42250030|2021-07|0
42250030|2021-08|0
42250030|2021-09|0
42250030|2021-10|0
42278000|2021-06|1
42278000|2021-07|1
42278000|2021-08|0
42278000|2021-09|0
42278000|2021-10|0
42356565|2021-06|0
42356565|2021-07|0
42356565|2021-08|0
42356565|2021-09|0
42356565|2021-10|0
42382468|2021-06|0
42382468|2021-07|0
42382468|2021-08|0
42382468|2021-09|0
42382468|2021-10|0
42543679|2021-06|0
42543679|2021-07|0
42543679|2021-08|0
42543679|2021-09|0
42543679|2021-10|0
42587405|2021-06|0
42587405|2021-07|0
42587405|2021-08|0
42587405|2021-09|0
42587405|2021-10|0
42784770|2021-06|0
42784770|2021-07|0
42784770|2021-08|0
42784770|2021-09|0
42784770|2021-10|0
42807766|2021-06|0
42807766|2021-07|0
42807766|2021-08|1
42807766|2021-09|1
42807766|2021-10|1
42887104|2021-06|0
42887104|2021-07|0
42887104|2021-08|0
42887104|2021-09|0
42887104|2021-10|0
42947300|2021-06|0
42962621|2021-06|0
42962621|2021-07|0
42962621|2021-08|0
42962621|2021-09|0
42962621|2021-10|0
43011740|2021-06|0
43011740|2021-07|0
43011740|2021-08|0
43011740|2021-09|0
43011740|2021-10|0
43357844|2021-06|0
43357844|2021-07|0
43357844|2021-08|0
43357844|2021-09|0
43357844|2021-10|0
43423940|2021-06|0
43423940|2021-07|0
43423940|2021-08|0
43423940|2021-09|0
43423940|2021-10|0
43638802|2021-06|0
43638802|2021-07|0
43638802|2021-08|0
43638802|2021-09|0
43638802|2021-10|0
43896588|2021-06|0
43896588|2021-07|0
43896588|2021-08|0
43896588|2021-09|0
43896588|2021-10|0
44049529|2021-06|0
44049529|2021-07|0
44049529|2021-08|0
44049529|2021-09|0
44049529|2021-10|0
44099771|2021-06|0
44099771|2021-07|0
44099771|2021-08|0
44099771|2021-09|0
44099771|2021-10|0
44136603|2021-06|0
44136603|2021-07|0
44136603|2021-08|0
44136603|2021-09|0
44136603|2021-10|0
44279505|2021-06|0
44279505|2021-07|0
44279505|2021-08|0
44279505|2021-09|0
44279505|2021-10|0
44367022|2021-06|0
44367022|2021-07|0
44367022|2021-08|0
44367022|2021-09|1
44367022|2021-10|1
44485351|2021-06|0
44485351|2021-07|0
44485351|2021-08|0
44485351|2021-09|0
44485351|2021-10|0
44590713|2021-06|0
44590713|2021-07|0
44590713|2021-08|0
44590713|2021-09|0
44590713|2021-10|0
44625223|2021-06|0
44625223|2021-07|0
44625223|2021-08|0
44625223|2021-09|0
44625223|2021-10|0
44644962|2021-06|0
44644962|2021-07|1
44644962|2021-08|0
44644962|2021-09|0
44644962|2021-10|0
44848465|2021-06|0
44848465|2021-07|0
44848465|2021-08|0
44848465|2021-09|0
44848465|2021-10|0
44943003|2021-06|0
44943003|2021-07|0
44943003|2021-08|0
44943003|2021-09|1
44943003|2021-10|0
44963541|2021-06|0
44963541|2021-07|0
44963541|2021-08|0
44963541|2021-09|0
44963541|2021-10|0
45242760|2021-06|0
45242760|2021-07|0
45242760|2021-08|0
45242760|2021-09|0
45242760|2021-10|0
45252007|2021-06|0
45252007|2021-07|0
45252007|2021-08|0
45252007|2021-09|0
45252007|2021-10|0
45564730|2021-06|0
45564730|2021-07|0
45564730|2021-08|0
45564730|2021-09|0
45564730|2021-10|0
45645021|2021-06|0
45645021|2021-07|0
45645021|2021-08|0
45645021|2021-09|0
45645021|2021-10|0
46016122|2021-06|0
46016122|2021-07|0
46016122|2021-08|0
46016122|2021-09|0
46016122|2021-10|0
46036725|2021-06|0
46036725|2021-07|0
46036725|2021-08|0
46036725|2021-09|0
46036725|2021-10|0
46128081|2021-06|0
46128081|2021-07|0
46128081|2021-08|0
46128081|2021-09|0
46128081|2021-10|0
46403509|2021-06|0
46403509|2021-07|0
46403509|2021-08|0
46403509|2021-09|0
46403509|2021-10|0
46515024|2021-06|1
46515024|2021-07|1
46515024|2021-08|1
46515024|2021-09|1
46515024|2021-10|1
46952703|2021-06|0
46952703|2021-07|0
46952703|2021-08|0
46952703|2021-09|0
46952703|2021-10|0
46970811|2021-06|1
46970811|2021-07|1
46970811|2021-08|1
46970811|2021-09|1
46970811|2021-10|0
47283875|2021-06|0
47283875|2021-07|0
47283875|2021-08|0
47283875|2021-09|0
47283875|2021-10|0
47322915|2021-06|0
47322915|2021-07|0
47322915|2021-08|0
47322915|2021-09|0
47322915|2021-10|0
47366525|2021-06|0
47366525|2021-07|0
47366525|2021-08|0
47366525|2021-09|0
47366525|2021-10|0
47621908|2021-06|0
47621908|2021-07|0
47621908|2021-08|0
47621908|2021-09|0
47621908|2021-10|0
47665826|2021-06|0
47665826|2021-07|0
47665826|2021-08|0
47665826|2021-09|0
47665826|2021-10|0
47703583|2021-06|0
47703583|2021-07|0
47703583|2021-08|0
47703583|2021-09|0
47703583|2021-10|0
47813782|2021-06|0
47813782|2021-07|0
47813782|2021-08|0
47813782|2021-09|0
47813782|2021-10|0
47895857|2021-06|0
47895857|2021-07|0
47895857|2021-08|0
47895857|2021-09|0
47895857|2021-10|0
47940272|2021-06|0
47940272|2021-07|0
47940272|2021-08|0
47940272|2021-09|0
47940272|2021-10|0
48070422|2021-06|0
48070422|2021-07|0
48070422|2021-08|0
48070422|2021-09|0
48070422|2021-10|0
48279549|2021-06|0
48279549|2021-07|0
48279549|2021-08|1
48279549|2021-09|0
48279549|2021-10|0
48411864|2021-06|0
48411864|2021-07|0
48411864|2021-08|0
48411864|2021-09|0
48411864|2021-10|0
48582684|2021-06|0
48582684|2021-07|0
48582684|2021-08|0
48582684|2021-09|0
48582684|2021-10|1
48774662|2021-06|0
48774662|2021-07|0
48774662|2021-08|0
48774662|2021-09|0
48774662|2021-10|0
48959630|2021-06|0
48959630|2021-07|0
48959630|2021-08|0
48959630|2021-09|0
48959630|2021-10|0
48962634|2021-06|0
48962634|2021-07|0
48962634|2021-08|0
48962634|2021-09|0
48962634|2021-10|0
49341090|2021-06|0
49341090|2021-07|0
49341090|2021-08|0
49341090|2021-09|0
49341090|2021-10|0
49480922|2021-06|0
49480922|2021-07|0
49480922|2021-08|0
49480922|2021-09|0
49480922|2021-10|0
49637875|2021-06|0
49637875|2021-07|0
49637875|2021-08|0
49637875|2021-09|0
49637875|2021-10|0
49647580|2021-06|0
49647580|2021-07|0
49647580|2021-08|0
49647580|2021-09|0
49647580|2021-10|0
50178160|2021-06|0
50178160|2021-07|0
50178160|2021-08|0
50178160|2021-09|0
50178160|2021-10|0
50248405|2021-06|0
50248405|2021-07|0
50248405|2021-08|0
50248405|2021-09|0
50248405|2021-10|0
50473572|2021-06|0
50473572|2021-07|0
50473572|2021-08|0
50473572|2021-09|0
50473572|2021-10|0
50490943|2021-06|0
50490943|2021-07|0
50490943|2021-08|0
50490943|2021-09|0
50490943|2021-10|0
50525119|2021-06|0
50525119|2021-07|0
50525119|2021-08|0
50525119|2021-09|0
50525119|2021-10|0
50846238|2021-06|0
50846238|2021-07|0
50846238|2021-08|0
50846238|2021-09|0
50846238|2021-10|0
50928000|2021-06|0
50928000|2021-07|0
50928000|2021-08|0
50928000|2021-09|0
50928000|2021-10|0
51111314|2021-06|0
51111314|2021-07|0
51111314|2021-08|0
51111314|2021-09|0
51111314|2021-10|0
51244567|2021-06|0
51244567|2021-07|0
51244567|2021-08|0
51244567|2021-09|0
51244567|2021-10|0
51267908|2021-06|0
51267908|2021-07|0
51267908|2021-08|0
51267908|2021-09|0
51267908|2021-10|0
51286304|2021-06|0
51286304|2021-07|0
51286304|2021-08|0
51286304|2021-09|0
51286304|2021-10|0
51329252|2021-06|0
51329252|2021-07|0
51329252|2021-08|0
51329252|2021-09|0
51329252|2021-10|0
51632151|2021-06|0
51632151|2021-07|0
51632151|2021-08|0
51632151|2021-09|0
51632151|2021-10|0
51737226|2021-06|0
51737226|2021-07|0
51737226|2021-08|0
51737226|2021-09|1
51737226|2021-10|0
51745003|2021-06|0
51745003|2021-07|0
51745003|2021-08|0
51745003|2021-09|0
51745003|2021-10|0
51749162|2021-06|0
51749162|2021-07|0
51749162|2021-08|0
51749162|2021-09|0
51749162|2021-10|0
51772718|2021-06|0
51772718|2021-07|0
51772718|2021-08|0
51772718|2021-09|0
51772718|2021-10|0
51821496|2021-06|0
51821496|2021-07|0
51821496|2021-08|0
51821496|2021-09|0
51821496|2021-10|0
51827395|2021-06|0
51827395|2021-07|0
51827395|2021-08|0
51827395|2021-09|0
51827395|2021-10|0
51919354|2021-06|0
51919354|2021-07|0
51919354|2021-08|0
51919354|2021-09|0
51919354|2021-10|0
52278007|2021-06|0
52278007|2021-07|0
52278007|2021-08|0
52278007|2021-09|0
52278007|2021-10|0
52312548|2021-06|0
52312548|2021-07|0
52312548|2021-08|0
52312548|2021-09|0
52312548|2021-10|0
52342860|2021-06|0
52342860|2021-07|0
52342860|2021-08|0
52342860|2021-09|0
52342860|2021-10|0
52388392|2021-06|0
52388392|2021-07|0
52388392|2021-08|0
52388392|2021-09|0
52388392|2021-10|0
52865561|2021-06|0
52865561|2021-07|0
52865561|2021-08|0
52865561|2021-09|0
52865561|2021-10|0
53078098|2021-06|0
53078098|2021-07|0
53078098|2021-08|0
53078098|2021-09|0
53078098|2021-10|0
53381218|2021-06|1
53572829|2021-06|0
53572829|2021-07|0
53572829|2021-08|0
53572829|2021-09|0
53572829|2021-10|0
53585276|2021-06|0
53585276|2021-07|0
53585276|2021-08|0
53585276|2021-09|0
53585276|2021-10|0
53787159|2021-06|0
53787159|2021-07|0
53787159|2021-08|0
53787159|2021-09|0
53787159|2021-10|0
53798313|2021-06|0
53798313|2021-07|0
53798313|2021-08|0
53798313|2021-09|0
53798313|2021-10|0
53921355|2021-06|0
53921355|2021-07|0
53921355|2021-08|0
53921355|2021-09|0
53921355|2021-10|0
53988343|2021-06|0
53988343|2021-07|0
53988343|2021-08|0
53988343|2021-09|0
53988343|2021-10|0
54066974|2021-06|0
54066974|2021-07|0
54066974|2021-08|1
54066974|2021-09|1
54066974|2021-10|0
54113490|2021-06|1
54210840|2021-06|0
54210840|2021-07|0
54210840|2021-08|0
54210840|2021-09|0
54210840|2021-10|0
54807767|2021-06|0
54807767|2021-07|0
54807767|2021-08|0
54807767|2021-09|0
54807767|2021-10|0
54918070|2021-06|0
54918070|2021-07|0
54918070|2021-08|0
54918070|2021-09|0
54918070|2021-10|0
54924248|2021-06|0
54924248|2021-07|0
54924248|2021-08|0
54924248|2021-09|0
54924248|2021-10|0
54992313|2021-06|0
54992313|2021-07|0
54992313|2021-08|0
54992313|2021-09|0
54992313|2021-10|0
55230352|2021-06|0
55230352|2021-07|0
55230352|2021-08|0
55230352|2021-09|0
55230352|2021-10|0
55282402|2021-06|0
55282402|2021-07|0
55282402|2021-08|0
55282402|2021-09|0
55282402|2021-10|0
55753501|2021-06|0
55753501|2021-07|0
55753501|2021-08|0
55753501|2021-09|0
55753501|2021-10|0
55988124|2021-06|0
55988124|2021-07|0
55988124|2021-08|0
55988124|2021-09|0
55988124|2021-10|1
56003225|2021-06|0
56003225|2021-07|0
56003225|2021-08|0
56003225|2021-09|0
56003225|2021-10|0
56195664|2021-06|0
56195664|2021-07|0
56195664|2021-08|0
56195664|2021-09|0
56195664|2021-10|0
56333714|2021-06|0
56333714|2021-07|0
56333714|2021-08|0
56333714|2021-09|0
56333714|2021-10|1
56437251|2021-06|0
56437251|2021-07|0
56437251|2021-08|0
56437251|2021-09|0
56437251|2021-10|0
56456428|2021-06|0
56456428|2021-07|0
56456428|2021-08|0
56456428|2021-09|0
56456428|2021-10|0
56538039|2021-06|0
56538039|2021-07|0
56538039|2021-08|0
56538039|2021-09|0
56538039|2021-10|0
56539823|2021-06|0
56539823|2021-07|0
56539823|2021-08|0
56539823|2021-09|0
56539823|2021-10|0
56682288|2021-06|1
56682288|2021-07|1
56682288|2021-08|0
56682288|2021-09|0
56682288|2021-10|0
56770332|2021-06|0
56770332|2021-07|0
56770332|2021-08|0
56770332|2021-09|0
56770332|2021-10|0
56862095|2021-06|0
56862095|2021-07|1
56862095|2021-08|1
56862095|2021-09|1
56862095|2021-10|1
56873005|2021-06|0
56873005|2021-07|0
56873005|2021-08|0
56873005|2021-09|0
56873005|2021-10|0
57084208|2021-06|0
57084208|2021-07|0
57084208|2021-08|0
57084208|2021-09|0
57084208|2021-10|0
57250203|2021-06|0
57250203|2021-07|0
57250203|2021-08|0
57250203|2021-09|0
57250203|2021-10|0
57263620|2021-06|0
57263620|2021-07|0
57263620|2021-08|0
57263620|2021-09|0
57263620|2021-10|0
57343385|2021-06|0
57343385|2021-07|0
57343385|2021-08|0
57343385|2021-09|0
57343385|2021-10|0
57378628|2021-06|1
57471160|2021-06|0
57471160|2021-07|0
57471160|2021-08|0
57471160|2021-09|0
57471160|2021-10|0
57480954|2021-06|0
57480954|2021-07|0
57480954|2021-08|0
57480954|2021-09|0
57480954|2021-10|0
57742077|2021-06|0
57742077|2021-07|0
57742077|2021-08|0
57742077|2021-09|0
57742077|2021-10|1
57763886|2021-06|0
57763886|2021-07|0
57763886|2021-08|0
57763886|2021-09|0
57763886|2021-10|0
57962836|2021-06|0
57962836|2021-07|0
57962836|2021-08|0
57962836|2021-09|0
57962836|2021-10|0
58161389|2021-06|0
58161389|2021-07|0
58161389|2021-08|0
58161389|2021-09|0
58161389|2021-10|0
58198514|2021-06|0
58198514|2021-07|0
58198514|2021-08|0
58198514|2021-09|0
58198514|2021-10|0
58334142|2021-06|0
58334142|2021-07|0
58334142|2021-08|0
58334142|2021-09|0
58334142|2021-10|0
58551041|2021-06|0
58551041|2021-07|0
58551041|2021-08|0
58551041|2021-09|0
58551041|2021-10|0
58768937|2021-06|0
58768937|2021-07|0
58768937|2021-08|0
58768937|2021-09|0
58768937|2021-10|0
58891384|2021-06|1
58891384|2021-07|0
58891384|2021-08|1
58891384|2021-09|1
58891384|2021-10|0
59000703|2021-06|0
59000703|2021-07|0
59000703|2021-08|0
59000703|2021-09|0
59000703|2021-10|0
59040252|2021-06|0
59040252|2021-07|0
59040252|2021-08|0
59040252|2021-09|0
59040252|2021-10|0
59148254|2021-06|0
59148254|2021-07|0
59148254|2021-08|0
59148254|2021-09|0
59148254|2021-10|0
59487945|2021-06|0
59487945|2021-07|0
59487945|2021-08|0
59487945|2021-09|0
59487945|2021-10|0
59494501|2021-06|0
59494501|2021-07|0
59494501|2021-08|0
59494501|2021-09|0
59494501|2021-10|0
59655121|2021-06|0
59655121|2021-07|0
59655121|2021-08|0
59655121|2021-09|0
59655121|2021-10|0
59860070|2021-06|0
59860070|2021-07|0
59860070|2021-08|0
59860070|2021-09|0
59860070|2021-10|0
59898160|2021-06|0
59898160|2021-07|0
59898160|2021-08|0
59898160|2021-09|0
59898160|2021-10|0
59923516|2021-06|0
59923516|2021-07|0
59923516|2021-08|0
59923516|2021-09|0
59923516|2021-10|0
60005155600|2021-06|0
60005155600|2021-07|0
60005155600|2021-08|0
60005155600|2021-09|0
60005155600|2021-10|0
60006720100|2021-06|0
60006720100|2021-07|0
60006720100|2021-08|0
60006720100|2021-09|0
60006720100|2021-10|0
60007095700|2021-06|0
60007095700|2021-07|0
60007095700|2021-08|0
60007095700|2021-09|0
60007095700|2021-10|0
60007449300|2021-06|1
60007449300|2021-07|0
60007449300|2021-08|0
60007449300|2021-09|0
60007449300|2021-10|0
60052714|2021-06|0
60052714|2021-07|0
60052714|2021-08|0
60052714|2021-09|0
60052714|2021-10|0
60493472|2021-06|0
60493472|2021-07|1
60493472|2021-08|0
60493472|2021-09|0
60493472|2021-10|0
60570929|2021-06|0
60570929|2021-07|0
60570929|2021-08|0
60570929|2021-09|0
60570929|2021-10|0
60761261|2021-06|0
60761261|2021-07|0
60761261|2021-08|0
60761261|2021-09|0
60761261|2021-10|0
60782015|2021-06|0
60782015|2021-07|0
60782015|2021-08|0
60782015|2021-09|0
60782015|2021-10|0
60818062|2021-06|0
60818062|2021-07|0
60818062|2021-08|0
60818062|2021-09|0
60818062|2021-10|0
60857099|2021-06|0
60857099|2021-07|0
60857099|2021-08|0
60857099|2021-09|0
60857099|2021-10|0
60914563|2021-06|0
60914563|2021-07|0
60914563|2021-08|0
60914563|2021-09|0
60914563|2021-10|0
60950132|2021-06|0
60950132|2021-07|0
60950132|2021-08|0
60950132|2021-09|0
60950132|2021-10|0
61020161|2021-06|0
61020161|2021-07|0
61020161|2021-08|0
61020161|2021-09|0
61020161|2021-10|0
61106948|2021-06|0
61106948|2021-07|0
61106948|2021-08|0
61106948|2021-09|0
61106948|2021-10|0
61294079|2021-06|0
61294079|2021-07|0
61294079|2021-08|0
61294079|2021-09|0
61294079|2021-10|0
61338850|2021-06|0
61338850|2021-07|0
61338850|2021-08|0
61338850|2021-09|0
61338850|2021-10|0
61364764|2021-06|0
61364764|2021-07|0
61364764|2021-08|0
61364764|2021-09|0
61364764|2021-10|0
61449005|2021-06|0
61449005|2021-07|0
61449005|2021-08|0
61449005|2021-09|0
61449005|2021-10|0
61450705|2021-06|0
61450705|2021-07|0
61450705|2021-08|0
61450705|2021-09|0
61450705|2021-10|0
61565137|2021-06|0
61565137|2021-07|0
61565137|2021-08|0
61565137|2021-09|0
61565137|2021-10|0
61920219|2021-06|0
61920219|2021-07|0
61920219|2021-08|0
61920219|2021-09|0
61920219|2021-10|0
62078368|2021-06|0
62078368|2021-07|0
62078368|2021-08|0
62078368|2021-09|0
62078368|2021-10|0
62110442|2021-06|0
62110442|2021-07|0
62110442|2021-08|0
62110442|2021-09|1
62110442|2021-10|1
62401068|2021-06|0
62401068|2021-07|0
62401068|2021-08|0
62401068|2021-09|0
62401068|2021-10|0
62540993|2021-06|0
62540993|2021-07|0
62540993|2021-08|0
62540993|2021-09|0
62540993|2021-10|0
62638250|2021-06|0
62638250|2021-07|0
62638250|2021-08|0
62638250|2021-09|0
62638250|2021-10|1
628071903|2021-06|0
628071903|2021-07|0
628071903|2021-08|0
628071903|2021-09|0
628071903|2021-10|0
628122225|2021-06|0
628122225|2021-07|0
628122225|2021-08|0
628122225|2021-09|0
628122225|2021-10|0
628282881|2021-06|0
628282881|2021-07|0
628282881|2021-08|0
628282881|2021-09|0
628282881|2021-10|0
628340974|2021-06|0
628340974|2021-07|0
628340974|2021-08|0
628340974|2021-09|0
628340974|2021-10|0
62865203|2021-06|0
62865203|2021-07|0
62865203|2021-08|0
62865203|2021-09|0
62865203|2021-10|0
63028517|2021-06|0
63028517|2021-07|0
63028517|2021-08|0
63028517|2021-09|0
63028517|2021-10|0
63164647|2021-06|0
63164647|2021-07|0
63164647|2021-08|0
63164647|2021-09|0
63164647|2021-10|0
63249969|2021-06|0
63249969|2021-07|0
63249969|2021-08|0
63249969|2021-09|0
63249969|2021-10|0
63288868|2021-06|0
63288868|2021-07|0
63288868|2021-08|0
63288868|2021-09|1
63288868|2021-10|1
63315923|2021-06|0
63315923|2021-07|0
63315923|2021-08|0
63315923|2021-09|0
63315923|2021-10|0
63460603|2021-06|0
63460603|2021-07|0
63460603|2021-08|0
63460603|2021-09|0
63460603|2021-10|0
63495844|2021-06|0
63495844|2021-07|0
63495844|2021-08|0
63495844|2021-09|0
63495844|2021-10|0
63587840|2021-06|0
63587840|2021-07|0
63587840|2021-08|0
63587840|2021-09|0
63587840|2021-10|0
63653064|2021-06|0
63653064|2021-07|0
63653064|2021-08|0
63653064|2021-09|0
63653064|2021-10|0
63734908|2021-06|0
63734908|2021-07|0
63734908|2021-08|0
63734908|2021-09|0
63734908|2021-10|0
63920573|2021-06|0
63920573|2021-07|0
63920573|2021-08|0
63920573|2021-09|0
63920573|2021-10|0
63970892|2021-06|0
63970892|2021-07|0
63970892|2021-08|0
63970892|2021-09|0
63970892|2021-10|0
64205675|2021-06|0
64205675|2021-07|1
64205675|2021-08|0
64205675|2021-09|0
64205675|2021-10|0
64339668|2021-06|1
64339668|2021-07|1
64339668|2021-08|0
64339668|2021-09|1
64339668|2021-10|0
64532787|2021-06|0
64532787|2021-07|0
64532787|2021-08|0
64532787|2021-09|0
64532787|2021-10|0
648937975|2021-06|0
648937975|2021-07|0
648937975|2021-08|0
648937975|2021-09|0
648937975|2021-10|0
64931630|2021-06|0
64931630|2021-07|0
64931630|2021-08|0
64931630|2021-09|0
64931630|2021-10|0
65195200|2021-06|0
65195200|2021-07|0
65195200|2021-08|0
65195200|2021-09|0
65195200|2021-10|0
65241772|2021-06|0
65241772|2021-07|0
65241772|2021-08|0
65241772|2021-09|0
65241772|2021-10|0
65373608|2021-06|0
65373608|2021-07|0
65373608|2021-08|0
65373608|2021-09|0
65373608|2021-10|0
65542419|2021-06|0
65542419|2021-07|0
65542419|2021-08|0
65542419|2021-09|0
65542419|2021-10|0
65657393|2021-06|0
65657393|2021-07|0
65657393|2021-08|0
65657393|2021-09|0
65657393|2021-10|0
65736726|2021-06|0
65736726|2021-07|0
65736726|2021-08|0
65736726|2021-09|0
65736726|2021-10|0
65780089|2021-06|0
65780089|2021-07|0
65780089|2021-08|0
65780089|2021-09|0
65780089|2021-10|0
657925007|2021-06|0
657925007|2021-07|0
657925007|2021-08|0
657925007|2021-09|0
657925007|2021-10|0
65828120|2021-06|0
65828120|2021-07|0
65828120|2021-08|0
65828120|2021-09|0
65828120|2021-10|0
65932988|2021-06|0
65932988|2021-07|0
65932988|2021-08|0
65932988|2021-09|0
65932988|2021-10|0
66010409|2021-06|0
66010409|2021-07|0
66010409|2021-08|0
66010409|2021-09|0
66010409|2021-10|0
66240049|2021-06|0
66240049|2021-07|0
66240049|2021-08|0
66240049|2021-09|0
66240049|2021-10|0
66461498|2021-06|0
66461498|2021-07|0
66461498|2021-08|0
66461498|2021-09|0
66461498|2021-10|0
66626687|2021-06|0
66626687|2021-07|0
66626687|2021-08|0
66626687|2021-09|0
66626687|2021-10|0
66736548|2021-06|0
66736548|2021-07|0
66736548|2021-08|0
66736548|2021-09|0
66736548|2021-10|0
66858940|2021-06|0
66858940|2021-07|0
66858940|2021-08|0
66858940|2021-09|0
66858940|2021-10|0
67098097|2021-06|0
67098097|2021-07|0
67098097|2021-08|0
67098097|2021-09|0
67098097|2021-10|0
67113613|2021-06|0
67113613|2021-07|0
67113613|2021-08|0
67113613|2021-09|0
67113613|2021-10|0
67122337|2021-06|0
67122337|2021-07|0
67122337|2021-08|0
67122337|2021-09|0
67122337|2021-10|0
67140105|2021-06|0
67140105|2021-07|0
67140105|2021-08|0
67140105|2021-09|0
67140105|2021-10|0
671415278|2021-06|0
671415278|2021-07|0
671415278|2021-08|0
671415278|2021-09|0
671415278|2021-10|0
67143111|2021-06|0
67143111|2021-07|0
67143111|2021-08|0
67143111|2021-09|0
67143111|2021-10|0
67409275|2021-06|0
67409275|2021-07|0
67409275|2021-08|0
67409275|2021-09|0
67409275|2021-10|0
67580145|2021-06|0
67580145|2021-07|0
67580145|2021-08|0
67580145|2021-09|0
67580145|2021-10|0
676375807|2021-06|0
676375807|2021-07|0
676375807|2021-08|0
676375807|2021-09|0
676375807|2021-10|0
67642420|2021-06|0
67642420|2021-07|0
67642420|2021-08|0
67642420|2021-09|0
67642420|2021-10|0
676506034|2021-06|0
676506034|2021-07|0
676506034|2021-08|0
676506034|2021-09|0
676506034|2021-10|0
67654825|2021-06|0
67654825|2021-07|0
67654825|2021-08|0
67654825|2021-09|0
67654825|2021-10|0
676656853|2021-06|0
676656853|2021-07|0
676656853|2021-08|0
676656853|2021-09|0
676656853|2021-10|0
67680467|2021-06|0
67680467|2021-07|0
67680467|2021-08|0
67680467|2021-09|0
67680467|2021-10|0
676821633|2021-06|0
676821633|2021-07|0
676821633|2021-08|0
676821633|2021-09|0
676821633|2021-10|0
676873024|2021-06|0
676873024|2021-07|0
676873024|2021-08|0
676873024|2021-09|0
676873024|2021-10|0
67768086|2021-06|0
67768086|2021-07|0
67768086|2021-08|0
67768086|2021-09|0
67768086|2021-10|0
67776711|2021-06|0
67776711|2021-07|0
67776711|2021-08|0
67776711|2021-09|0
67776711|2021-10|1
68012382|2021-06|0
68012382|2021-07|0
68012382|2021-08|0
68012382|2021-09|0
68012382|2021-10|0
68078657|2021-06|0
68078657|2021-07|0
68078657|2021-08|0
68078657|2021-09|0
68078657|2021-10|0
68297915|2021-06|0
68297915|2021-07|0
68297915|2021-08|0
68297915|2021-09|1
68297915|2021-10|1
68436801|2021-06|0
68436801|2021-07|0
68436801|2021-08|0
68436801|2021-09|0
68436801|2021-10|0
68449933|2021-06|0
68449933|2021-07|0
68449933|2021-08|0
68449933|2021-09|0
68449933|2021-10|0
68614411|2021-06|0
68614411|2021-07|0
68614411|2021-08|0
68614411|2021-09|0
68614411|2021-10|0
68649500|2021-06|0
68649500|2021-07|0
68649500|2021-08|0
68649500|2021-09|0
68649500|2021-10|0
68823721|2021-07|0
68823721|2021-08|0
68823721|2021-09|0
68823721|2021-10|0
69063062|2021-06|0
69063062|2021-07|0
69063062|2021-08|0
69063062|2021-09|0
69063062|2021-10|0
69380747|2021-06|0
69380747|2021-07|0
69380747|2021-08|0
69380747|2021-09|0
69380747|2021-10|0
69415494|2021-06|0
69415494|2021-07|0
69415494|2021-08|0
69415494|2021-09|0
69415494|2021-10|0
69567551|2021-06|0
69567551|2021-07|0
69567551|2021-08|0
69567551|2021-09|0
69567551|2021-10|0
69645616|2021-06|0
69645616|2021-07|0
69645616|2021-08|0
69645616|2021-09|0
69645616|2021-10|0
69738997|2021-06|1
69738997|2021-07|0
69738997|2021-08|0
69738997|2021-09|0
69738997|2021-10|0
69767972|2021-06|0
69767972|2021-07|0
69767972|2021-08|0
69767972|2021-09|0
69767972|2021-10|0
69830530|2021-06|0
69830530|2021-07|0
69830530|2021-08|0
69830530|2021-09|0
69830530|2021-10|0
70027236|2021-06|0
70027236|2021-07|0
70027236|2021-08|0
70027236|2021-09|0
70027236|2021-10|0
70044685|2021-06|0
70044685|2021-07|0
70044685|2021-08|0
70044685|2021-09|0
70044685|2021-10|0
70237723|2021-06|0
70237723|2021-07|0
70237723|2021-08|0
70237723|2021-09|0
70237723|2021-10|1
70309991|2021-06|0
70309991|2021-07|0
70309991|2021-08|0
70309991|2021-09|0
70309991|2021-10|0
70330565|2021-06|0
70330565|2021-07|0
70330565|2021-08|0
70330565|2021-09|0
70330565|2021-10|0
70479750|2021-06|0
70479750|2021-07|0
70479750|2021-08|0
70479750|2021-09|1
70479750|2021-10|0
70512791|2021-06|0
70512791|2021-07|0
70512791|2021-08|0
70512791|2021-09|0
70512791|2021-10|0
70523921|2021-06|0
70523921|2021-07|0
70523921|2021-08|0
70523921|2021-09|0
70523921|2021-10|0
70546624|2021-06|0
70546624|2021-07|0
70546624|2021-08|0
70546624|2021-09|0
70546624|2021-10|0
70613915|2021-06|0
70613915|2021-07|0
70613915|2021-08|0
70613915|2021-09|0
70613915|2021-10|0
70624512|2021-06|0
70624512|2021-07|0
70624512|2021-08|0
70624512|2021-09|0
70624512|2021-10|0
70655090|2021-06|1
70655090|2021-07|0
70655090|2021-08|0
70655090|2021-09|0
70655090|2021-10|0
70883355|2021-06|0
70883355|2021-07|0
70883355|2021-08|0
70883355|2021-09|0
70883355|2021-10|0
71106601|2021-06|0
71106601|2021-07|0
71106601|2021-08|0
71106601|2021-09|0
71106601|2021-10|0
71456296|2021-06|0
71456296|2021-07|0
71456296|2021-08|0
71456296|2021-09|0
71456296|2021-10|0
71504361|2021-06|0
71504361|2021-07|0
71504361|2021-08|0
71504361|2021-09|0
71504361|2021-10|0
71596407|2021-06|0
71596407|2021-07|0
71596407|2021-08|0
71596407|2021-09|0
71596407|2021-10|0
71751082|2021-06|0
71751082|2021-07|0
71751082|2021-08|0
71751082|2021-09|0
71751082|2021-10|0
71903707|2021-06|0
71903707|2021-07|0
71903707|2021-08|0
71903707|2021-09|0
71903707|2021-10|0
71960549|2021-06|0
71960549|2021-07|0
71960549|2021-08|0
71960549|2021-09|1
71960549|2021-10|0
72029208|2021-06|0
72029208|2021-07|0
72029208|2021-08|0
72029208|2021-09|0
72029208|2021-10|0
72058667|2021-06|0
72058667|2021-07|0
72058667|2021-08|0
72058667|2021-09|0
72058667|2021-10|0
72080782|2021-06|0
72080782|2021-07|0
72080782|2021-08|0
72080782|2021-09|0
72080782|2021-10|0
72090762|2021-06|0
72090762|2021-07|0
72090762|2021-08|0
72090762|2021-09|0
72090762|2021-10|1
72364324|2021-06|0
72364324|2021-07|0
72364324|2021-08|0
72364324|2021-09|0
72364324|2021-10|0
72682601|2021-06|0
72682601|2021-07|0
72682601|2021-08|0
72682601|2021-09|0
72682601|2021-10|0
73147545|2021-06|0
73147545|2021-07|0
73147545|2021-08|1
73147545|2021-09|0
73147545|2021-10|0
73480302|2021-06|1
73480302|2021-07|0
73480302|2021-08|0
73480302|2021-09|0
73480302|2021-10|0
73544768|2021-06|0
73544768|2021-07|0
73544768|2021-08|0
73544768|2021-09|0
73544768|2021-10|0
73580343|2021-06|0
73580343|2021-07|0
73580343|2021-08|0
73580343|2021-09|0
73580343|2021-10|0
73581163|2021-06|0
73581163|2021-07|0
73581163|2021-08|0
73581163|2021-09|0
73581163|2021-10|0
73614883|2021-06|0
73614883|2021-07|0
73614883|2021-08|0
73614883|2021-09|0
73614883|2021-10|0
73849645|2021-06|0
73849645|2021-07|0
73849645|2021-08|0
73849645|2021-09|0
73849645|2021-10|0
73906463|2021-06|0
73906463|2021-07|0
73906463|2021-08|0
73906463|2021-09|0
73906463|2021-10|0
73944936|2021-06|0
73944936|2021-07|0
73944936|2021-08|0
73944936|2021-09|0
73944936|2021-10|0
74028492|2021-06|0
74028492|2021-07|0
74028492|2021-08|0
74028492|2021-09|0
74028492|2021-10|0
74306412|2021-06|0
74306412|2021-07|0
74306412|2021-08|1
74306412|2021-09|0
74306412|2021-10|0
74599439|2021-06|0
74599439|2021-07|0
74599439|2021-08|0
74599439|2021-09|0
74599439|2021-10|0
74604809|2021-06|0
74604809|2021-07|0
74604809|2021-08|0
74604809|2021-09|0
74604809|2021-10|0
74651678|2021-06|0
74651678|2021-07|0
74651678|2021-08|0
74651678|2021-09|0
74651678|2021-10|0
74673297|2021-06|0
74673297|2021-07|0
74673297|2021-08|0
74673297|2021-09|0
74673297|2021-10|0
74738232|2021-06|0
74738232|2021-07|1
74753925|2021-06|0
74753925|2021-07|0
74753925|2021-08|0
74753925|2021-09|0
74753925|2021-10|0
74777388|2021-06|0
74777388|2021-07|0
74777388|2021-08|0
74777388|2021-09|0
74777388|2021-10|0
75174227|2021-06|0
75174227|2021-07|0
75174227|2021-08|0
75174227|2021-09|0
75174227|2021-10|0
75216826|2021-06|0
75216826|2021-07|0
75216826|2021-08|0
75216826|2021-09|0
75216826|2021-10|0
75282929|2021-06|0
75282929|2021-07|0
75282929|2021-08|0
75282929|2021-09|0
75282929|2021-10|0
75295533|2021-06|0
75295533|2021-07|0
75295533|2021-08|0
75295533|2021-09|0
75295533|2021-10|0
75452192|2021-06|0
75452192|2021-07|0
75452192|2021-08|0
75452192|2021-09|0
75452192|2021-10|0
75640926|2021-06|0
75640926|2021-07|0
75640926|2021-08|0
75640926|2021-09|0
75640926|2021-10|0
76199292|2021-06|0
76199292|2021-07|0
76199292|2021-08|0
76199292|2021-09|0
76199292|2021-10|0
76543705|2021-06|0
76543705|2021-07|0
76543705|2021-08|0
76543705|2021-09|0
76543705|2021-10|0
76685079|2021-06|0
76685079|2021-07|1
76685079|2021-08|0
76685079|2021-09|1
76685079|2021-10|0
76748809|2021-06|0
76748809|2021-07|0
76748809|2021-08|0
76748809|2021-09|0
76748809|2021-10|0
76882532|2021-06|0
76882532|2021-07|0
76882532|2021-08|0
76882532|2021-09|0
76882532|2021-10|0
76998191|2021-06|0
76998191|2021-07|0
76998191|2021-08|0
76998191|2021-09|0
76998191|2021-10|0
77329879|2021-06|0
77329879|2021-07|0
77329879|2021-08|0
77329879|2021-09|1
77329879|2021-10|1
77347318|2021-06|0
77347318|2021-07|0
77347318|2021-08|0
77347318|2021-09|0
77347318|2021-10|0
77599729|2021-06|0
77599729|2021-07|0
77599729|2021-08|0
77599729|2021-09|0
77599729|2021-10|0
77795970|2021-06|0
77795970|2021-07|0
77795970|2021-08|0
77795970|2021-09|0
77795970|2021-10|0
77835778|2021-06|0
77835778|2021-07|0
77835778|2021-08|0
77835778|2021-09|0
77835778|2021-10|0
77837648|2021-06|0
77837648|2021-07|0
77837648|2021-08|0
77837648|2021-09|0
77837648|2021-10|0
77915087|2021-06|0
77915087|2021-07|0
77915087|2021-08|0
77915087|2021-09|0
77915087|2021-10|0
78020088|2021-06|0
78020088|2021-07|0
78020088|2021-08|0
78020088|2021-09|1
78020088|2021-10|0
78135028|2021-06|1
78135028|2021-07|0
78135028|2021-08|0
78135028|2021-09|0
78135028|2021-10|0
78502546|2021-06|0
78502546|2021-07|0
78502546|2021-08|0
78502546|2021-09|0
78502546|2021-10|1
78723561|2021-06|0
78723561|2021-07|0
78723561|2021-08|0
78723561|2021-09|0
78723561|2021-10|0
78807440|2021-06|1
78807440|2021-07|1
78807440|2021-08|1
78807440|2021-09|1
78807440|2021-10|0
79220558|2021-06|0
79220558|2021-07|0
79220558|2021-08|0
79220558|2021-09|0
79220558|2021-10|0
79543691|2021-06|0
79543691|2021-07|0
79543691|2021-08|0
79543691|2021-09|0
79543691|2021-10|0
79596965|2021-06|0
79596965|2021-07|0
79596965|2021-08|0
79596965|2021-09|0
79596965|2021-10|0
79677915|2021-06|0
79677915|2021-07|0
79677915|2021-08|0
79677915|2021-09|1
79677915|2021-10|0
79746445|2021-06|0
79746445|2021-07|0
79746445|2021-08|0
79746445|2021-09|0
79746445|2021-10|0
79832424|2021-06|0
79832424|2021-07|0
79832424|2021-08|0
79832424|2021-09|0
79832424|2021-10|0
79857082|2021-06|0
79857082|2021-07|0
79857082|2021-08|0
79857082|2021-09|0
79857082|2021-10|0
85000749|2021-06|0
85000749|2021-07|0
85000749|2021-08|0
85000749|2021-09|0
85000749|2021-10|0
85007001|2021-06|1
85007001|2021-07|1
85007001|2021-08|1
85007001|2021-09|1
85007001|2021-10|1
85012178|2021-06|0
85012178|2021-07|0
85012178|2021-08|0
85012178|2021-09|0
85012178|2021-10|0
85014322|2021-06|0
85014322|2021-07|0
85014322|2021-08|0
85014322|2021-09|0
85014322|2021-10|0
85014449|2021-06|0
85014449|2021-07|0
85014449|2021-08|0
85014449|2021-09|0
85014449|2021-10|0
85027838|2021-06|1
85050787|2021-06|0
85050787|2021-07|0
85050787|2021-08|0
85050787|2021-09|0
85050787|2021-10|0
85051396|2021-06|0
85051396|2021-07|0
85051396|2021-08|0
85051396|2021-09|0
85051396|2021-10|0
85053390|2021-06|0
85053390|2021-07|0
85053390|2021-08|0
85053390|2021-09|0
85053390|2021-10|0
85066245|2021-06|0
85066245|2021-07|0
85066245|2021-08|0
85066245|2021-09|0
85066245|2021-10|0
85067232|2021-06|0
85067232|2021-07|0
85067232|2021-08|0
85067232|2021-09|0
85067232|2021-10|0
85068233|2021-06|0
85068233|2021-07|0
85068233|2021-08|0
85068233|2021-09|0
85068233|2021-10|0
922012772|2021-06|0
922012772|2021-07|0
922012772|2021-08|0
922012772|2021-09|0
922012772|2021-10|0
E1355925|2021-06|0
E1355925|2021-07|0
E1355925|2021-08|0
E1355925|2021-09|0
E1355925|2021-10|0
E1746747|2021-06|0
E1746747|2021-07|0
E1746747|2021-08|1
E1746747|2021-09|0
E1746747|2021-10|0
